{"accuracy": {"anonymous": 0.04323498139287613, "direct": 0.07558479532163742, "indirect": 0.20717703349282296, "all": 0.05820042530568846, "baseline": 0.22606326422115897, "untrained": 0.04855130249867092}, "top5_accuracy": {"anonymous": 0.12737905369484318, "direct": 0.16557682083997874, "indirect": 0.3695640616693248, "all": 0.13814460393407763, "baseline": 0.41297182349813927, "untrained": 0.11624136097820309}}