{"accuracy": {"anonymous": 0.6908613341262761, "direct": 0.7217662801070472, "indirect": 0.7202795123401725, "all": 0.7257111705818218, "baseline": 0.716017444741798, "untrained": 0.28749132718802656}, "top5_accuracy": {"anonymous": 0.8258796709287343, "direct": 0.8469223907225691, "indirect": 0.8444543562295569, "all": 0.8497571612647438, "baseline": 0.8401328179205075, "untrained": 0.40133809099018736}}