{"accuracy": {"anonymous": 0.06772859171451504, "direct": 0.0980016875553086, "indirect": 0.08594184108168179, "all": 0.07540491037434915, "baseline": 0.1259904097466609, "untrained": 0.00454816735609475}, "top5_accuracy": {"anonymous": 0.12936552036385338, "direct": 0.19781441007594, "indirect": 0.18050667819143462, "all": 0.15482290959231132, "baseline": 0.28394147064271164, "untrained": 0.01559959663312136}}