{"accuracy": {"anonymous": 0.04636678200692042, "direct": 0.06643598615916955, "indirect": 0.2485417696490361, "all": 0.0620365793376174, "baseline": 0.256648541769649, "untrained": 0.05674740484429066}, "top5_accuracy": {"anonymous": 0.12432031636183885, "direct": 0.14275827978250125, "indirect": 0.43272367770637665, "all": 0.1375679683638161, "baseline": 0.4617235129345856, "untrained": 0.13606854506508487}}