{"accuracy": {"anonymous": 0.5868867082961642, "direct": 0.6097531965506988, "indirect": 0.6417286153236198, "all": 0.6094161958568738, "baseline": 0.6414709089106948, "untrained": 0.25689364654574287}, "top5_accuracy": {"anonymous": 0.7212508672811974, "direct": 0.7376053127168203, "indirect": 0.7738824462285657, "all": 0.7352859550004955, "baseline": 0.7785806323718901, "untrained": 0.3665576370304292}}