{"accuracy": {"anonymous": 0.09599578251180178, "direct": 0.14229230068773813, "indirect": 0.175600872253241, "all": 0.14154944765282404, "baseline": 0.1779492463636146, "untrained": 4.7926002252522104e-05}, "top5_accuracy": {"anonymous": 0.1758405022645036, "direct": 0.24145119934820636, "indirect": 0.2782344060770171, "all": 0.23776089717476218, "baseline": 0.28331456231578445, "untrained": 4.7926002252522104e-05}}