{"accuracy": {"anonymous": 0.3087410744237313, "direct": 0.33900416926247184, "indirect": 0.3425743997699717, "all": 0.33679973163368, "baseline": 0.3464321656203575, "untrained": 7.18838357214741e-05}, "top5_accuracy": {"anonymous": 0.41304452005559017, "direct": 0.4590262136387598, "indirect": 0.46170987683902814, "all": 0.4591460200316289, "baseline": 0.46465711410360855, "untrained": 0.0002156515071644223}}