{"accuracy": {"anonymous": 0.11171616370004318, "direct": 0.14148635033344528, "indirect": 0.13467351149066834, "all": 0.13819987525788036, "baseline": 0.13939931871611572, "untrained": 2.3988869164707574e-05}, "top5_accuracy": {"anonymous": 0.16518735306817636, "direct": 0.2169073549872859, "indirect": 0.20721585184474403, "all": 0.21443650146332102, "baseline": 0.21306913592093268, "untrained": 0.0005277551216235667}}