{"accuracy": {"anonymous": 0.26946853884123256, "direct": 0.30423635405185223, "indirect": 0.32182393252503955, "all": 0.30212776153735565, "baseline": 0.32330953179661664, "untrained": 0.0}, "top5_accuracy": {"anonymous": 0.3808405616523698, "direct": 0.4299611827287104, "indirect": 0.44774045143048835, "all": 0.42967364738582453, "baseline": 0.4489864379163272, "untrained": 0.0}}