{"accuracy": {"anonymous": 0.09867254516701011, "direct": 0.14510950304308237, "indirect": 0.17381511477452438, "all": 0.14350409737863612, "baseline": 0.1770259261034169, "untrained": 0.0}, "top5_accuracy": {"anonymous": 0.18189006565390328, "direct": 0.24294340346000862, "indirect": 0.274740020127474, "all": 0.2397325921311161, "baseline": 0.2807303397709302, "untrained": 2.39612785738247e-05}}