{"accuracy": {"anonymous": 0.03792439040595309, "direct": 0.05820211281642416, "indirect": 0.1387150355458109, "all": 0.05612916085309946, "baseline": 0.1481230483024384, "untrained": 0.04904657497840675}, "top5_accuracy": {"anonymous": 0.1324430270413926, "direct": 0.1348747591522158, "indirect": 0.2725666068699754, "all": 0.13029034615640156, "baseline": 0.29814630257125774, "untrained": 0.11579297056673975}}