{"accuracy": {"anonymous": 0.5050847457627119, "direct": 0.5345425711170582, "indirect": 0.5301714738824462, "all": 0.5396570522351075, "baseline": 0.5271285558529091, "untrained": 0.2904153037962137}, "top5_accuracy": {"anonymous": 0.6730300327088908, "direct": 0.6921201308355635, "indirect": 0.6877688571711765, "all": 0.6962335216572505, "baseline": 0.684022202398652, "untrained": 0.40355833085538706}}