{"accuracy": {"anonymous": 0.037244469336320356, "direct": 0.058807056846821616, "indirect": 0.16569753076251503, "all": 0.0589553099313094, "baseline": 0.1758446307674568, "untrained": 0.05719274548239906}, "top5_accuracy": {"anonymous": 0.13260414779185267, "direct": 0.13173110184986905, "indirect": 0.31740985388834897, "all": 0.13056154973890985, "baseline": 0.3471593061755646, "untrained": 0.13754591727477886}}