{"accuracy": {"anonymous": 0.4336108633164833, "direct": 0.4551987312915056, "indirect": 0.47238576667657844, "all": 0.45965903459213003, "baseline": 0.47147388244622856, "untrained": 0.2583407671721677}, "top5_accuracy": {"anonymous": 0.5944593121221132, "direct": 0.6061552185548618, "indirect": 0.627762910100109, "all": 0.6085935176925364, "baseline": 0.6316086827237586, "untrained": 0.36921399544057887}}