{"accuracy": {"anonymous": 0.039424679520154736, "direct": 0.044198440297125455, "indirect": 0.047531842218975696, "all": 0.0416057943579086, "baseline": 0.06640054322105393, "untrained": 0.004465112450873475}, "top5_accuracy": {"anonymous": 0.09837650980472849, "direct": 0.10854132801086443, "indirect": 0.11870614621700035, "all": 0.1039733327846252, "baseline": 0.18885162246136752, "untrained": 0.015308956974423343}}