{"accuracy": {"anonymous": 0.039681755287606243, "direct": 0.0649831982605258, "indirect": 0.19022204651775712, "all": 0.06356658101073993, "baseline": 0.1994794755221717, "untrained": 0.05794952889240298}, "top5_accuracy": {"anonymous": 0.13046056532911643, "direct": 0.1339856361599789, "indirect": 0.3481089806944719, "all": 0.1315312644132569, "baseline": 0.38120181854121366, "untrained": 0.13760954075245438}}