{"accuracy": {"anonymous": 0.03739882779793469, "direct": 0.061892800659197535, "indirect": 0.15783528035830577, "all": 0.05801204098720147, "baseline": 0.16774982390388474, "untrained": 0.04889491381258057}, "top5_accuracy": {"anonymous": 0.1272676528049121, "direct": 0.13682335898355993, "indirect": 0.29758249936871206, "all": 0.12934093536940314, "baseline": 0.328867801655968, "untrained": 0.11643608043273128}}