{"accuracy": {"anonymous": 0.5734265041133908, "direct": 0.6083754584200615, "indirect": 0.6046486272177619, "all": 0.6090990187332739, "baseline": 0.6010110020814748, "untrained": 0.28620279512340174}, "top5_accuracy": {"anonymous": 0.7292001189414213, "direct": 0.7496382198433938, "indirect": 0.7449301219149569, "all": 0.7505996629993061, "baseline": 0.7420953513727823, "untrained": 0.40025770641292496}}