{"accuracy": {"anonymous": 0.050352467270896276, "direct": 0.05692911605729905, "indirect": 0.060155784368127914, "all": 0.05290091867562735, "baseline": 0.08327681525782518, "untrained": 0.00468586226031198}, "top5_accuracy": {"anonymous": 0.1096039624308938, "direct": 0.12779250673078899, "indirect": 0.13482130012125695, "all": 0.11702324434305444, "baseline": 0.21544690383706352, "untrained": 0.01574285303245165}}