{"accuracy": {"anonymous": 0.4908216869858261, "direct": 0.5163346218653979, "indirect": 0.5365447517097829, "all": 0.515858856179998, "baseline": 0.536088809594608, "untrained": 0.25642779264545545}, "top5_accuracy": {"anonymous": 0.6369114877589453, "direct": 0.6514421647338686, "indirect": 0.6767766874814154, "all": 0.6512835761720686, "baseline": 0.6812469025671524, "untrained": 0.3662602834770542}}