{"accuracy": {"anonymous": 0.09294579958786602, "direct": 0.13487803709205923, "indirect": 0.16020510854459194, "all": 0.13250587051325058, "baseline": 0.16291273302343412, "untrained": 0.0}, "top5_accuracy": {"anonymous": 0.17395888244596733, "direct": 0.2288541716585997, "indirect": 0.2612737815689845, "all": 0.22588297311544545, "baseline": 0.26026740786888386, "untrained": 0.0001198063928691235}}