{"accuracy": {"anonymous": 0.29632913212249007, "direct": 0.32069775243206977, "indirect": 0.3252024728039488, "all": 0.3191402693247712, "baseline": 0.324220060382422, "untrained": 0.0}, "top5_accuracy": {"anonymous": 0.4009440743758087, "direct": 0.44706953563042123, "indirect": 0.4490583217520487, "all": 0.4451286720659414, "baseline": 0.44620692960176356, "untrained": 7.18838357214741e-05}}