{"accuracy": {"anonymous": 0.10555102432471333, "direct": 0.1300916374802092, "indirect": 0.12332677637576164, "all": 0.12778870604039724, "baseline": 0.12402245358153817, "untrained": 2.3988869164707574e-05}, "top5_accuracy": {"anonymous": 0.15276111884085783, "direct": 0.19517343952406083, "indirect": 0.18766492347550737, "all": 0.19289449695341362, "baseline": 0.18668137983975436, "untrained": 0.0002878664299764909}}