{"accuracy": {"anonymous": 0.2628791872334308, "direct": 0.2947237264580438, "indirect": 0.3090765323237648, "all": 0.29369339147936935, "baseline": 0.3105381703167681, "untrained": 0.0}, "top5_accuracy": {"anonymous": 0.3715435855657258, "direct": 0.4186993817990128, "indirect": 0.4340346000862606, "all": 0.4163751377773518, "baseline": 0.43259692337183114, "untrained": 2.39612785738247e-05}}