{"accuracy": {"anonymous": 0.08818384414464067, "direct": 0.13079006014713282, "indirect": 0.15990510651554002, "all": 0.1303108001246076, "baseline": 0.16191799861014594, "untrained": 2.3963001126261052e-05}, "top5_accuracy": {"anonymous": 0.16738156286693345, "direct": 0.22453332055306607, "indirect": 0.2589681531715032, "all": 0.22192135343030361, "baseline": 0.2575782991061801, "untrained": 0.00019170400901008842}}