{"accuracy": {"anonymous": 0.041144330856254074, "direct": 0.06342475040878455, "indirect": 0.17542506946013853, "all": 0.058067346423301386, "baseline": 0.1932919452826928, "untrained": 0.04795075974103665}, "top5_accuracy": {"anonymous": 0.1262778671416987, "direct": 0.147946771599112, "indirect": 0.32527285537668, "all": 0.13486566608617045, "baseline": 0.3650612179785438, "untrained": 0.11594857955678449}}