{"accuracy": {"anonymous": 0.0439214782121801, "direct": 0.06146042620467047, "indirect": 0.21158723362208096, "all": 0.06251440993379664, "baseline": 0.22724877309706532, "untrained": 0.05783735713579922}, "top5_accuracy": {"anonymous": 0.12733440927505682, "direct": 0.1389941042785152, "indirect": 0.38282665261355026, "all": 0.1370343532821712, "baseline": 0.42009485853562134, "untrained": 0.1380554000197622}}