{"accuracy": {"anonymous": 0.05891300772899194, "direct": 0.07311708600559119, "indirect": 0.06318862029271502, "all": 0.06427807926327907, "baseline": 0.10115523762539055, "untrained": 0.004707284986022036}, "top5_accuracy": {"anonymous": 0.12039549416214439, "direct": 0.15503206709422793, "indirect": 0.14409636572932083, "all": 0.13445568163131064, "baseline": 0.24144877487255387, "untrained": 0.015560763032395987}}