{"accuracy": {"anonymous": 0.6378134602041827, "direct": 0.6679750223015165, "indirect": 0.6664585191793042, "all": 0.6712260878184161, "baseline": 0.6597383288730301, "untrained": 0.288095946079889}, "top5_accuracy": {"anonymous": 0.7778471602735653, "direct": 0.7972940826642878, "indirect": 0.7943601942709883, "all": 0.8007136485280999, "baseline": 0.7908712459113887, "untrained": 0.3998513232233125}}