{"accuracy": {"anonymous": 0.5441867380315195, "direct": 0.5673902269798791, "indirect": 0.5932500743383884, "all": 0.568004757656854, "baseline": 0.5927743086529884, "untrained": 0.2583209436019427}, "top5_accuracy": {"anonymous": 0.6827931410447021, "direct": 0.6973436415898503, "indirect": 0.728555852909109, "all": 0.6971652294578253, "baseline": 0.7330161562097334, "untrained": 0.36666666666666664}}