{"accuracy": {"anonymous": 0.09752941458388248, "direct": 0.15309961419568185, "indirect": 0.18933167189858857, "all": 0.1514701301190961, "baseline": 0.1899307469267451, "untrained": 4.7926002252522104e-05}, "top5_accuracy": {"anonymous": 0.18597685174091202, "direct": 0.2561405190386044, "indirect": 0.29874673504109656, "all": 0.25230643885840265, "baseline": 0.3015743691739953, "untrained": 0.00038340801802017683}}