{"accuracy": {"anonymous": 0.2794843532850913, "direct": 0.3148751617386304, "indirect": 0.33821344706953566, "all": 0.3153064647529592, "baseline": 0.3371351895337135, "untrained": 0.0}, "top5_accuracy": {"anonymous": 0.39325250395361094, "direct": 0.44369099535151196, "indirect": 0.46609479081803806, "all": 0.44105525470839124, "baseline": 0.46619063593233334, "untrained": 0.0001198063928691235}}