{"accuracy": {"anonymous": 0.12514993043227943, "direct": 0.16453965360072925, "indirect": 0.1583025476179053, "all": 0.1602216571510819, "baseline": 0.16142110060931728, "untrained": 2.3988869164707574e-05}, "top5_accuracy": {"anonymous": 0.18821666746629565, "direct": 0.24590989780741737, "indirect": 0.23614642805738137, "all": 0.2390970589646404, "baseline": 0.24022453581538167, "untrained": 2.3988869164707574e-05}}