{"accuracy": {"anonymous": 0.1052618967748119, "direct": 0.16078017923036372, "indirect": 0.1947093496908995, "all": 0.1592945799587866, "baseline": 0.19638663919106725, "untrained": 0.0}, "top5_accuracy": {"anonymous": 0.1949010399194901, "direct": 0.2662098049551924, "indirect": 0.3051708439162314, "all": 0.26060286576891745, "baseline": 0.3069200172521206, "untrained": 0.0}}