{"accuracy": {"anonymous": 0.3207217137106436, "direct": 0.353884123256817, "indirect": 0.3606172425360617, "all": 0.3536205491925049, "baseline": 0.3614319260075718, "untrained": 0.0}, "top5_accuracy": {"anonymous": 0.4302726793501701, "direct": 0.4789859586907557, "indirect": 0.4840897110269804, "all": 0.4767096372262424, "baseline": 0.48502420089135956, "untrained": 2.39612785738247e-05}}