{"accuracy": {"anonymous": 0.07209374036386063, "direct": 0.14778497276184602, "indirect": 0.0938225922499743, "all": 0.08518861136807483, "baseline": 0.18125192722787542, "untrained": 0.004563675609004008}, "top5_accuracy": {"anonymous": 0.13249049234248125, "direct": 0.2676739644362216, "indirect": 0.19054373522458629, "all": 0.16451844999486073, "baseline": 0.36610134648987563, "untrained": 0.015130023640661938}}