{"accuracy": {"anonymous": 0.7425314699177322, "direct": 0.7829715531767272, "indirect": 0.7818515214590148, "all": 0.7888789771037764, "baseline": 0.7740112994350282, "untrained": 0.2863415601149767}, "top5_accuracy": {"anonymous": 0.868440876201804, "direct": 0.8915452472990386, "indirect": 0.8907324809198136, "all": 0.8967191991277629, "baseline": 0.8848944394885518, "untrained": 0.3998513232233125}}