{"accuracy": {"anonymous": 0.046832834828846794, "direct": 0.09859754071119974, "indirect": 0.241847789963443, "all": 0.0626387504154204, "baseline": 0.2811166500498504, "untrained": 0.04870721169823862}, "top5_accuracy": {"anonymous": 0.12190096377534064, "direct": 0.20103688933200398, "indirect": 0.41111332668660683, "all": 0.13874376869391825, "baseline": 0.48914589564639416, "untrained": 0.11687603855101363}}