{"accuracy": {"anonymous": 0.6355337496283081, "direct": 0.6691743483001289, "indirect": 0.703161859450887, "all": 0.6676578451779166, "baseline": 0.7053523639607493, "untrained": 0.2594211517494301}, "top5_accuracy": {"anonymous": 0.7579046486272177, "direct": 0.7818416096739023, "indirect": 0.8223609872137972, "all": 0.7783526613143027, "baseline": 0.8308454752700961, "untrained": 0.36764793339280405}}