{"accuracy": {"anonymous": 0.04944123504336806, "direct": 0.06886222617225432, "indirect": 0.2951826066920127, "all": 0.06588324363468787, "baseline": 0.30481080992116394, "untrained": 0.05742359156668148}, "top5_accuracy": {"anonymous": 0.11914284303559966, "direct": 0.14769828338188581, "indirect": 0.49123586629141364, "all": 0.13946904985269673, "baseline": 0.525502394706957, "untrained": 0.13747757533863297}}