{"accuracy": {"anonymous": 0.0636411558920784, "direct": 0.10679541860353668, "indirect": 0.12929505918435807, "all": 0.10873628216801648, "baseline": 0.12857622082714334, "untrained": 2.39612785738247e-05}, "top5_accuracy": {"anonymous": 0.12603632529831793, "direct": 0.18136291752527914, "indirect": 0.21016437437101643, "all": 0.1837350841040878, "baseline": 0.208582929985144, "untrained": 0.0001677289500167729}}