{"accuracy": {"anonymous": 0.07035935326008733, "direct": 0.09266900158326537, "indirect": 0.0921412464616418, "all": 0.09427625581730077, "baseline": 0.09139759151753586, "untrained": 0.0}, "top5_accuracy": {"anonymous": 0.10056133953845416, "direct": 0.14050280669769227, "indirect": 0.13913544115530393, "all": 0.14357338195077485, "baseline": 0.13733627596795087, "untrained": 0.00014393321498824545}}