{"accuracy": {"anonymous": 0.21428571428571427, "direct": 0.2519288829251929, "indirect": 0.26906119710547755, "all": 0.2547083912397565, "baseline": 0.26815066851967223, "untrained": 0.0}, "top5_accuracy": {"anonymous": 0.3206258685963483, "direct": 0.3778454018306417, "indirect": 0.3963435088896344, "all": 0.38249388987396366, "baseline": 0.39430680021085923, "untrained": 0.0}}