{"accuracy": {"anonymous": 0.24850242008913595, "direct": 0.27869363109215506, "indirect": 0.28643312407150046, "all": 0.2801792303637322, "baseline": 0.2865529304643696, "untrained": 0.0}, "top5_accuracy": {"anonymous": 0.3490679062634782, "direct": 0.40044088752575835, "indirect": 0.40789284516221785, "all": 0.40475391766904684, "baseline": 0.406095749269181, "untrained": 7.18838357214741e-05}}