{"accuracy": {"anonymous": 0.06273513694855144, "direct": 0.1071146150343869, "indirect": 0.13227576621696102, "all": 0.10749802305240708, "baseline": 0.1315329131820469, "untrained": 0.0}, "top5_accuracy": {"anonymous": 0.1271237209748149, "direct": 0.1819989935539527, "indirect": 0.2161462701588747, "all": 0.18657592676906856, "baseline": 0.21521171311495052, "untrained": 2.3963001126261052e-05}}