{"accuracy": {"anonymous": 0.27517132314180287, "direct": 0.2998514400728423, "indirect": 0.3062491014520535, "all": 0.30346959313748983, "baseline": 0.3077586620022044, "untrained": 0.0}, "top5_accuracy": {"anonymous": 0.37921119470934966, "direct": 0.42318014089231804, "indirect": 0.42945799587866007, "all": 0.4258877653711602, "baseline": 0.43000910528585806, "untrained": 0.0}}