{"accuracy": {"anonymous": 0.08715156167538263, "direct": 0.10818979993283116, "indirect": 0.10533512450223097, "all": 0.10866957731612532, "baseline": 0.10725423403540757, "untrained": 0.0}, "top5_accuracy": {"anonymous": 0.12838842776951495, "direct": 0.1662668521805882, "indirect": 0.16233267763757617, "all": 0.16825792832125894, "baseline": 0.1656431415823058, "untrained": 2.3988869164707574e-05}}