{"accuracy": {"anonymous": 0.07505211952744961, "direct": 0.11758644652656298, "indirect": 0.14492823081162684, "all": 0.12168411971915363, "baseline": 0.14650978888596008, "untrained": 0.00016774100788382736}, "top5_accuracy": {"anonymous": 0.1507991660875608, "direct": 0.20239150751240084, "indirect": 0.23874338022093888, "all": 0.20615369868922384, "baseline": 0.23900697323332773, "untrained": 0.00019170400901008842}}