{"accuracy": {"anonymous": 0.24100253989552883, "direct": 0.27191258925576267, "indirect": 0.2880145684573729, "all": 0.2750275554703599, "baseline": 0.2895960128432453, "untrained": 2.39612785738247e-05}, "top5_accuracy": {"anonymous": 0.3499305122921359, "direct": 0.398715675468443, "indirect": 0.41599175732017063, "all": 0.40125557099726844, "baseline": 0.41613552499161355, "untrained": 0.0001198063928691235}}