{"accuracy": {"anonymous": 0.0776105813006182, "direct": 0.11896774811903964, "indirect": 0.14343221354291466, "all": 0.12143575981214358, "baseline": 0.14422293573585088, "untrained": 2.39612785738247e-05}, "top5_accuracy": {"anonymous": 0.15229788661522978, "direct": 0.20268845545598313, "indirect": 0.2351559879235156, "all": 0.20671395025638567, "baseline": 0.23623424545933772, "untrained": 0.0001198063928691235}}